Image,Group,Condition,SubID,Threshold,SegAbbr,Grouping,Domain,SegVol,Mean,Median,StDev,Q1,Q3,Min,Max,ActVol,FAV,CoGx,CoGy,CoGz,sCoGx,sCoGy,sCoGz
spmT_Neg_s150_p05_d0546_c08.nii,Negative,Con1,1,1.81,WB,wholebrain,WB,40397.0,2.48,2.27,0.67,2.02,2.72,1.81,7.29,1247,0.031,61.83,100.92,28.14,59.84,101.7,27.27
spmT_Neg_s150_p05_d0546_c08.nii,Negative,Con1,1,1.81,CB,x_Cerebellum_A,CB,60195.0,2.44,2.27,0.6,2.01,2.7,1.81,6.17,1897,0.032,64.03,133.23,41.67,65.3,132.59,41.23
spmT_Neg_s150_p05_d0546_c08.nii,Negative,Con1,1,1.81,MB,j_Midbrain_A,MB,18892.0,2.45,2.25,0.64,1.99,2.69,1.81,7.19,582,0.031,63.18,111.03,47.07,63.21,111.3,46.46
spmT_Neg_s150_p05_d0546_c08.nii,Negative,Con1,1,1.81,MY,p_Pons_H,HB,28427.0,2.42,2.26,0.57,2.01,2.64,1.81,5.85,874,0.031,64.03,136.36,18.93,64.35,137.69,17.69
spmT_Neg_s150_p05_d0546_c08.nii,Negative,Con1,1,1.81,P,p_Pons_A,HB,5675.0,2.46,2.21,0.68,1.97,2.67,1.82,6.06,196,0.035,64.09,117.15,19.28,67.54,115.82,18.4
spmT_Neg_s150_p05_d0546_c08.nii,Negative,Con1,1,1.81,HY,i_Hypothalamus_A,HYP,1294.0,2.5,2.35,0.53,2.09,2.9,1.89,4.07,24,0.019,61.78,81.03,14.44,63.32,81.68,18.21
spmT_Neg_s150_p05_d0546_c08.nii,Negative,Con1,1,1.81,int,ww_fiber_bundle_F,WM,2819.0,2.38,2.26,0.52,2.01,2.49,1.81,4.5,73,0.026,61.7,80.68,34.93,56.72,80.94,36.11
spmT_Neg_s150_p05_d0546_c08.nii,Negative,Con1,1,1.81,VL,V_ventricles_A,V,7825.0,2.48,2.28,0.7,2.03,2.71,1.82,7.86,257,0.033,63.49,79.86,43.12,61.31,79.98,41.32
spmT_Neg_s150_p05_d0546_c08.nii,Negative,Con1,1,1.81,HPF,c_Hippocampus_A,HIP,9628.0,2.48,2.32,0.61,2.04,2.7,1.81,5.49,373,0.039,61.58,100.36,43.94,59.69,99.19,45.89
spmT_Neg_s150_p05_d0546_c08.nii,Negative,Con1,1,1.81,CTX,b_CerebralCortex_A,CTX,48603.0,2.48,2.3,0.65,2.02,2.72,1.81,8.4,1553,0.032,62.84,92.17,42.8,62.25,93.44,42.9
spmT_Neg_s150_p05_d0546_c08.nii,Negative,Con1,1,1.81,cc,ww_fiber_bundle_E,WM,11761.0,2.45,2.28,0.64,2.0,2.65,1.81,6.88,426,0.036,61.42,83.86,52.05,61.98,84.35,52.28
spmT_Neg_s150_p05_d0546_c08.nii,Negative,Con1,1,1.81,aco,ww_fiber_bundle_C,WM,1364.0,2.95,2.72,0.91,2.18,3.37,1.82,5.24,68,0.05,60.67,64.24,29.04,68.62,66.36,27.36
spmT_Neg_s150_p05_d0546_c08.nii,Negative,Con1,1,1.81,OT,e_Striatum/pallidum_D,STR/PAL,2628.0,2.36,2.16,0.5,2.03,2.57,1.83,4.0,47,0.018,62.5,56.81,14.9,54.54,59.84,13.45
spmT_Neg_s150_p05_d0546_c08.nii,Negative,Con1,1,1.81,IPN,j_Midbrain_F,MB,370.0,2.61,2.39,0.73,2.06,3.05,1.84,4.76,24,0.065,61.94,102.38,25.44,61.29,101.78,24.94
spmT_Neg_s150_p05_d0546_c08.nii,Negative,Con1,1,1.81,PG,p_Pons_B,HB,904.0,2.22,2.11,0.36,1.96,2.41,1.85,3.35,34,0.038,61.88,106.06,15.56,63.91,105.61,17.12
spmT_Neg_s150_p05_d0546_c08.nii,Negative,Con1,1,1.81,CS,j_Midbrain_H,MB,662.0,2.54,2.51,0.59,2.08,2.76,1.82,4.3,30,0.045,62.77,112.11,29.06,63.48,111.14,29.28
spmT_Neg_s150_p05_d0546_c08.nii,Negative,Con1,1,1.81,PRN,p_Pons_D,HB,5748.0,2.44,2.28,0.62,2.05,2.64,1.82,6.97,219,0.038,63.35,116.64,24.93,65.54,117.0,24.53
spmT_Neg_s150_p05_d0546_c08.nii,Negative,Con1,1,1.81,RN,j_Midbrain_C,MB,314.0,2.78,2.26,0.9,2.14,2.98,1.92,4.77,9,0.029,62.56,102.88,33.97,67.92,106.74,34.34
spmT_Neg_s150_p05_d0546_c08.nii,Negative,Con1,1,1.81,VTA,j_Midbrain_B,MB,771.0,2.39,2.3,0.48,2.05,2.49,1.84,3.58,15,0.019,62.64,98.68,27.61,65.26,100.75,26.23
spmT_Neg_s150_p05_d0546_c08.nii,Negative,Con1,1,1.81,SNc,j_Midbrain_D,MB,674.0,2.51,2.48,0.53,1.99,2.82,1.82,3.89,21,0.031,62.49,100.79,29.92,72.89,101.0,31.47
spmT_Neg_s150_p05_d0546_c08.nii,Negative,Con1,1,1.81,SI,e_Striatum/pallidum_H,STR/PAL,3013.0,2.42,2.2,0.63,2.0,2.63,1.82,5.52,140,0.046,61.47,68.93,17.84,57.54,67.62,16.0
spmT_Neg_s150_p05_d0546_c08.nii,Negative,Con1,1,1.81,ACB,e_Striatum/pallidum_B,STR/PAL,5021.0,2.38,2.19,0.55,1.96,2.61,1.81,4.79,123,0.024,59.53,59.81,21.47,64.9,60.25,22.42
spmT_Neg_s150_p05_d0546_c08.nii,Negative,Con1,1,1.81,CP,e_Striatum/pallidum_A,STR/PAL,22254.0,2.48,2.33,0.6,2.03,2.72,1.81,6.33,777,0.035,60.84,69.98,37.28,58.74,70.99,37.24
spmT_Neg_s150_p05_d0546_c08.nii,Negative,Con1,1,1.81,DEC,x_Cerebellum_B,CB,1141.0,2.37,2.29,0.43,2.02,2.67,1.83,3.39,50,0.044,64.24,137.34,55.96,66.5,137.43,53.6
spmT_Neg_s150_p05_d0546_c08.nii,Negative,Con1,1,1.81,FOTU,x_Cerebellum_C,CB,284.0,2.53,2.68,0.37,2.3,2.78,1.91,2.94,8,0.028,63.88,139.79,56.57,75.13,139.0,52.43
spmT_Neg_s150_p05_d0546_c08.nii,Negative,Con1,1,1.81,PYR,x_Cerebellum_D,CB,708.0,2.19,2.14,0.36,1.88,2.37,1.81,3.08,19,0.027,63.99,143.98,40.91,64.83,145.31,41.42
spmT_Neg_s150_p05_d0546_c08.nii,Negative,Con1,1,1.81,UVU,x_Cerebellum_F,CB,1999.0,2.62,2.48,0.77,1.94,2.94,1.83,5.15,33,0.017,64.44,142.95,35.67,69.3,143.22,36.1
spmT_Neg_s150_p05_d0546_c08.nii,Negative,Con1,1,1.81,NOD,x_Cerebellum_E,CB,572.0,2.33,2.15,0.36,2.06,2.67,1.85,3.0,19,0.033,63.87,135.14,36.01,60.5,136.09,34.88
spmT_Neg_s150_p05_d0546_c08.nii,Negative,Con1,1,1.81,SIM,x_Cerebellum_G,CB,292.0,2.82,2.48,0.82,2.29,3.11,1.9,4.3,8,0.027,63.36,133.97,60.26,56.25,135.41,62.92
spmT_Neg_s150_p05_d0546_c08.nii,Negative,Con1,1,1.81,onl,ww_fiber_bundle_A,WM,826.0,2.35,2.19,0.46,2.02,2.52,1.87,3.65,22,0.027,59.86,30.72,32.68,60.23,30.44,33.77
spmT_Neg_s150_p05_d0546_c08.nii,Negative,Con1,1,1.81,AON,a_Olfactory_H,OLF,3120.0,2.43,2.23,0.64,1.98,2.61,1.82,5.35,133,0.043,60.24,46.86,31.42,65.61,46.45,30.6
spmT_Neg_s150_p05_d0546_c08.nii,Negative,Con1,1,1.81,GPe,e_Striatum/pallidum_G,STR/PAL,1724.0,2.51,2.2,0.78,1.99,2.8,1.84,5.6,60,0.035,60.81,74.48,29.9,58.11,74.55,27.78
spmT_Neg_s150_p05_d0546_c08.nii,Negative,Con1,1,1.81,DG,c_Hippocampus_B,HIP,2398.0,2.45,2.23,0.63,2.01,2.61,1.82,4.31,86,0.036,62.86,99.3,43.01,63.38,97.56,46.23
spmT_Neg_s150_p05_d0546_c08.nii,Negative,Con1,1,1.81,COA,d_Amygdala_G,AMY,2861.0,2.49,2.18,0.74,2.0,2.69,1.82,6.15,91,0.032,63.2,89.86,13.69,67.97,87.66,13.49
spmT_Neg_s150_p05_d0546_c08.nii,Negative,Con1,1,1.81,AOB,a_Olfactory_F,OLF,622.0,0.0,0.0,0.0,0.0,0.0,0.0,0.0,0,0.0,60.32,38.82,51.24,0.0,0.0,0.0
spmT_Neg_s150_p05_d0546_c08.nii,Negative,Con1,1,1.81,SEZ,a_Olfactory_X,OLF,612.0,2.0,1.92,0.16,1.89,2.06,1.83,2.28,5,0.008,61.09,39.82,39.6,66.65,40.28,38.34
spmT_Neg_s150_p05_d0546_c08.nii,Negative,Con1,1,1.81,aot,o_optic_A,WM,841.0,2.77,2.68,0.68,2.35,3.03,1.86,4.86,28,0.033,63.27,82.27,19.15,72.07,80.44,17.28
spmT_Neg_s150_p05_d0546_c08.nii,Negative,Con1,1,1.81,V3,V_ventricles_B,V,3218.0,2.53,2.37,0.69,2.02,2.77,1.83,5.47,105,0.033,61.64,80.38,38.42,61.83,81.9,35.09
spmT_Neg_s150_p05_d0546_c08.nii,Negative,Con1,1,1.81,CA1.CA3,c_Hippocampus_C,HIP,12184.0,2.43,2.24,0.6,1.98,2.7,1.82,5.5,445,0.037,61.38,99.34,42.94,63.87,100.01,45.61
spmT_Neg_s150_p05_d0546_c08.nii,Negative,Con1,1,1.81,PA,d_Amygdala_F,AMY,506.0,2.41,2.25,0.6,1.89,2.65,1.83,3.94,23,0.045,62.59,94.97,19.25,82.77,92.04,19.08
spmT_Neg_s150_p05_d0546_c08.nii,Negative,Con1,1,1.81,TT,a_Olfactory_I,OLF,1004.0,2.38,2.45,0.39,2.01,2.58,1.84,3.24,15,0.015,61.2,51.98,34.39,64.6,50.34,35.19
spmT_Neg_s150_p05_d0546_c08.nii,Negative,Con1,1,1.81,MOBipl,a_Olfactory_C,OLF,5023.0,2.45,2.27,0.64,2.04,2.67,1.82,6.75,238,0.047,60.43,31.74,44.81,60.52,30.93,44.74
spmT_Neg_s150_p05_d0546_c08.nii,Negative,Con1,1,1.81,MOBopl,a_Olfactory_E,OLF,1336.0,2.6,2.4,0.61,2.2,2.98,1.83,4.28,54,0.04,58.84,27.02,46.21,60.69,29.54,46.34
spmT_Neg_s150_p05_d0546_c08.nii,Negative,Con1,1,1.81,MOBgl,a_Olfactory_A,OLF,7528.0,2.45,2.26,0.58,2.03,2.75,1.82,5.05,286,0.038,60.68,27.74,45.47,59.77,29.03,43.14
spmT_Neg_s150_p05_d0546_c08.nii,Negative,Con1,1,1.81,MOBgr,a_Olfactory_B,OLF,4604.0,2.42,2.25,0.63,2.01,2.6,1.82,5.94,138,0.03,60.99,33.8,45.21,62.85,33.59,44.18
spmT_Neg_s150_p05_d0546_c08.nii,Negative,Con1,1,1.81,BST,e_Striatum/pallidum_K,STR/PAL,1732.0,2.47,2.26,0.55,2.04,2.76,1.81,4.58,87,0.05,60.66,68.55,27.9,61.61,69.31,28.1
spmT_Neg_s150_p05_d0546_c08.nii,Negative,Con1,1,1.81,FS,e_Striatum/pallidum_C,STR/PAL,621.0,2.49,2.43,0.63,2.03,2.76,1.82,4.99,33,0.053,65.81,70.95,20.88,65.37,69.37,20.67
spmT_Neg_s150_p05_d0546_c08.nii,Negative,Con1,1,1.81,fi,ww_fiber_bundle_G,WM,2662.0,2.5,2.35,0.56,1.98,2.89,1.85,3.99,69,0.026,62.43,80.72,45.06,70.44,84.59,46.21
spmT_Neg_s150_p05_d0546_c08.nii,Negative,Con1,1,1.81,vhc,ww_fiber_bundle_H,WM,95.0,0.0,0.0,0.0,0.0,0.0,0.0,0.0,0,0.0,61.84,76.74,49.8,0.0,0.0,0.0
spmT_Neg_s150_p05_d0546_c08.nii,Negative,Con1,1,1.81,st,ww_fiber_bundle_I,WM,467.0,2.06,1.88,0.29,1.86,2.2,1.82,2.67,11,0.024,64.75,79.93,40.61,53.03,76.96,41.18
spmT_Neg_s150_p05_d0546_c08.nii,Negative,Con1,1,1.81,VPM,h_Thalamus_C,THA,919.0,2.76,2.67,0.53,2.49,3.17,1.92,3.63,11,0.012,60.96,86.57,39.31,75.83,89.16,37.92
spmT_Neg_s150_p05_d0546_c08.nii,Negative,Con1,1,1.81,RT,h_Thalamus_Q,THA,2486.0,2.52,2.33,0.62,2.03,2.92,1.82,4.41,58,0.023,63.69,80.58,35.87,58.96,80.93,37.08
spmT_Neg_s150_p05_d0546_c08.nii,Negative,Con1,1,1.81,ZI,i_Hypothalamus_I,HYP,1804.0,2.51,2.33,0.6,2.0,2.81,1.84,4.16,53,0.029,60.62,87.53,28.15,59.72,85.94,27.52
spmT_Neg_s150_p05_d0546_c08.nii,Negative,Con1,1,1.81,VPL,h_Thalamus_D,THA,1295.0,2.45,2.25,0.58,2.0,2.77,1.82,4.23,42,0.032,63.15,83.97,36.06,62.69,86.56,34.46
spmT_Neg_s150_p05_d0546_c08.nii,Negative,Con1,1,1.81,MG,h_Thalamus_F,THA,1125.0,2.32,2.18,0.45,1.99,2.48,1.84,3.73,32,0.028,61.85,99.3,39.54,51.34,100.59,38.57
spmT_Neg_s150_p05_d0546_c08.nii,Negative,Con1,1,1.81,LGd,h_Thalamus_G,THA,60.0,0.0,0.0,0.0,0.0,0.0,0.0,0.0,0,0.0,58.28,88.53,42.92,0.0,0.0,0.0
spmT_Neg_s150_p05_d0546_c08.nii,Negative,Con1,1,1.81,LP,h_Thalamus_H,THA,1338.0,2.32,2.15,0.54,1.99,2.45,1.82,4.29,47,0.035,62.02,87.16,46.93,59.53,86.83,47.37
spmT_Neg_s150_p05_d0546_c08.nii,Negative,Con1,1,1.81,MOBmi,a_Olfactory_D,OLF,1090.0,2.79,2.6,0.86,2.21,3.1,1.89,6.27,41,0.038,60.97,26.88,47.92,55.0,27.83,44.72
spmT_Neg_s150_p05_d0546_c08.nii,Negative,Con1,1,1.81,Gr,p_Pons_G,HB,271.0,0.0,0.0,0.0,0.0,0.0,0.0,0.0,0,0.0,59.13,36.82,49.08,0.0,0.0,0.0
spmT_Neg_s150_p05_d0546_c08.nii,Negative,Con1,1,1.81,MS,e_Striatum/pallidum_I,STR/PAL,222.0,2.54,2.17,0.87,1.95,2.84,1.83,5.26,17,0.077,61.15,61.59,30.54,61.38,59.6,29.34
spmT_Neg_s150_p05_d0546_c08.nii,Negative,Con1,1,1.81,LSc,e_Striatum/pallidum_E,STR/PAL,293.0,2.43,2.28,0.54,2.07,2.56,1.85,4.16,24,0.082,61.53,61.21,40.87,63.19,60.32,40.12
spmT_Neg_s150_p05_d0546_c08.nii,Negative,Con1,1,1.81,LSr,e_Striatum/pallidum_F,STR/PAL,1873.0,2.35,2.22,0.54,2.02,2.49,1.82,5.15,73,0.039,61.06,60.49,33.58,59.34,60.12,34.51
spmT_Neg_s150_p05_d0546_c08.nii,Negative,Con1,1,1.81,PIR,b_CerebralCortex_I,CTX,10350.0,2.42,2.24,0.55,2.03,2.69,1.81,5.08,373,0.036,61.88,72.47,20.36,64.99,68.7,21.87
spmT_Neg_s150_p05_d0546_c08.nii,Negative,Con1,1,1.81,NDB,e_Striatum/pallidum_J,STR/PAL,636.0,2.4,2.37,0.44,2.07,2.62,1.82,3.68,58,0.091,60.89,58.53,21.16,61.33,59.09,21.75
spmT_Neg_s150_p05_d0546_c08.nii,Negative,Con1,1,1.81,EPd,a_Olfactory_J,OLF,915.0,2.47,2.23,0.67,2.0,2.63,1.83,4.7,40,0.044,58.32,52.65,32.04,55.29,52.78,32.18
spmT_Neg_s150_p05_d0546_c08.nii,Negative,Con1,1,1.81,MPO,i_Hypothalamus_B,HYP,1385.0,2.46,2.3,0.52,2.05,2.89,1.83,3.5,42,0.03,61.13,69.31,18.37,65.62,69.97,16.61
spmT_Neg_s150_p05_d0546_c08.nii,Negative,Con1,1,1.81,RE,h_Thalamus_P,THA,470.0,2.3,2.14,0.4,2.04,2.58,1.82,2.98,11,0.023,61.05,83.18,26.23,64.11,84.2,26.1
spmT_Neg_s150_p05_d0546_c08.nii,Negative,Con1,1,1.81,PO,h_Thalamus_S,THA,1228.0,2.41,2.36,0.39,2.09,2.68,1.81,3.28,32,0.026,61.76,90.05,38.63,64.36,89.4,37.93
spmT_Neg_s150_p05_d0546_c08.nii,Negative,Con1,1,1.81,em,ww_fiber_bundle_D,WM,215.0,2.3,2.27,0.19,2.18,2.41,2.08,2.56,3,0.014,66.05,93.13,41.42,83.89,91.58,41.9
spmT_Neg_s150_p05_d0546_c08.nii,Negative,Con1,1,1.81,opt,o_optic_B,WM,1550.0,2.31,2.21,0.4,2.02,2.47,1.82,3.59,48,0.031,62.69,94.17,41.01,52.73,92.76,40.76
spmT_Neg_s150_p05_d0546_c08.nii,Negative,Con1,1,1.81,BLA,d_Amygdala_E,AMY,3279.0,2.51,2.35,0.77,2.04,2.68,1.82,7.16,96,0.029,62.31,86.03,18.99,49.1,86.47,20.56
spmT_Neg_s150_p05_d0546_c08.nii,Negative,Con1,1,1.81,LA,d_Amygdala_D,AMY,1238.0,2.48,2.29,0.6,1.99,2.77,1.82,4.43,80,0.065,60.66,89.62,27.32,40.17,91.8,26.13
spmT_Neg_s150_p05_d0546_c08.nii,Negative,Con1,1,1.81,MD,h_Thalamus_N,THA,751.0,2.54,2.65,0.28,2.4,2.73,2.15,2.81,3,0.004,61.12,87.05,36.64,66.0,90.0,37.07
spmT_Neg_s150_p05_d0546_c08.nii,Negative,Con1,1,1.81,IAM,h_Thalamus_K,THA,474.0,2.24,2.11,0.41,1.9,2.53,1.84,3.17,17,0.036,61.1,82.05,40.45,66.43,81.55,40.87
spmT_Neg_s150_p05_d0546_c08.nii,Negative,Con1,1,1.81,sm,ww_fiber_bundle_J,WM,304.0,2.77,2.51,0.81,2.17,3.04,1.81,5.46,31,0.102,61.84,79.01,43.42,66.42,81.14,45.41
spmT_Neg_s150_p05_d0546_c08.nii,Negative,Con1,1,1.81,VAL,h_Thalamus_A,THA,414.0,2.09,2.09,0.26,1.96,2.22,1.83,2.35,2,0.005,60.88,81.56,37.93,74.56,85.0,42.56
spmT_Neg_s150_p05_d0546_c08.nii,Negative,Con1,1,1.81,VM,h_Thalamus_B,THA,1034.0,2.67,2.66,0.56,2.17,3.03,1.82,3.8,30,0.029,60.22,84.53,31.18,57.62,82.76,29.06
spmT_Neg_s150_p05_d0546_c08.nii,Negative,Con1,1,1.81,AV,h_Thalamus_J,THA,180.0,2.45,2.44,0.39,2.11,2.69,1.93,3.22,13,0.072,60.86,79.51,44.52,61.02,79.27,44.81
spmT_Neg_s150_p05_d0546_c08.nii,Negative,Con1,1,1.81,PVT,h_Thalamus_M,THA,1312.0,2.29,2.16,0.46,1.98,2.37,1.83,3.85,54,0.041,61.59,81.59,36.98,62.63,78.93,37.83
spmT_Neg_s150_p05_d0546_c08.nii,Negative,Con1,1,1.81,PT,h_Thalamus_O,THA,293.0,2.13,2.13,0.0,2.13,2.13,2.13,2.13,1,0.003,61.14,81.61,33.88,58.0,80.0,35.0
spmT_Neg_s150_p05_d0546_c08.nii,Negative,Con1,1,1.81,SPA,h_Thalamus_E,THA,224.0,2.38,2.38,0.0,2.38,2.38,2.38,2.38,1,0.004,61.55,90.46,31.51,56.0,90.0,30.0
spmT_Neg_s150_p05_d0546_c08.nii,Negative,Con1,1,1.81,IMD,h_Thalamus_L,THA,83.0,2.17,2.17,0.0,2.17,2.17,2.17,2.17,1,0.012,60.86,85.96,34.23,65.0,91.0,36.0
spmT_Neg_s150_p05_d0546_c08.nii,Negative,Con1,1,1.81,CM,h_Thalamus_R,THA,164.0,1.89,1.89,0.08,1.85,1.93,1.81,1.97,2,0.012,61.45,80.51,30.54,64.0,77.96,35.0
spmT_Neg_s150_p05_d0546_c08.nii,Negative,Con1,1,1.81,MH,h_Thalamus_U,THA,204.0,2.23,2.17,0.39,1.96,2.34,1.82,3.34,12,0.059,61.25,87.96,45.93,68.1,88.06,46.52
spmT_Neg_s150_p05_d0546_c08.nii,Negative,Con1,1,1.81,PF,h_Thalamus_T,THA,573.0,2.28,2.15,0.35,2.0,2.54,1.84,2.98,11,0.019,60.89,91.72,40.25,59.92,92.41,39.57
spmT_Neg_s150_p05_d0546_c08.nii,Negative,Con1,1,1.81,CEA,d_Amygdala_C,AMY,1604.0,2.54,2.44,0.58,2.03,2.95,1.83,4.29,72,0.045,60.2,81.12,23.99,57.9,81.62,23.86
spmT_Neg_s150_p05_d0546_c08.nii,Negative,Con1,1,1.81,AAA,d_Amygdala_A,AMY,674.0,2.5,2.44,0.47,2.17,2.73,1.86,3.73,21,0.031,58.11,73.19,15.57,51.3,71.66,16.72
spmT_Neg_s150_p05_d0546_c08.nii,Negative,Con1,1,1.81,MEA,d_Amygdala_B,AMY,1204.0,2.44,2.36,0.47,2.07,2.73,1.84,3.67,51,0.042,63.08,83.64,18.0,66.12,83.21,17.25
spmT_Neg_s150_p05_d0546_c08.nii,Negative,Con1,1,1.81,PAG,j_Midbrain_J,MB,4068.0,2.48,2.37,0.56,2.0,2.76,1.81,4.45,144,0.035,62.9,108.6,45.75,64.55,108.69,46.19
spmT_Neg_s150_p05_d0546_c08.nii,Negative,Con1,1,1.81,DR,j_Midbrain_I,MB,189.0,0.0,0.0,0.0,0.0,0.0,0.0,0.0,0,0.0,63.2,114.72,39.84,0.0,0.0,0.0
spmT_Neg_s150_p05_d0546_c08.nii,Negative,Con1,1,1.81,CLI,j_Midbrain_G,MB,183.0,2.61,2.4,0.97,2.04,2.51,1.91,5.11,8,0.044,62.4,104.83,33.57,62.85,109.14,35.82
spmT_Neg_s150_p05_d0546_c08.nii,Negative,Con1,1,1.81,MBO,i_Hypothalamus_P,HYP,1280.0,2.36,2.32,0.37,2.07,2.55,1.82,3.42,59,0.046,61.54,94.11,18.77,58.93,92.21,17.53
spmT_Neg_s150_p05_d0546_c08.nii,Negative,Con1,1,1.81,PCG,p_Pons_C,HB,763.0,2.69,2.54,1.06,2.1,2.85,1.82,8.6,47,0.062,63.6,122.23,33.58,64.77,122.6,31.9
spmT_Neg_s150_p05_d0546_c08.nii,Negative,Con1,1,1.81,SNr,j_Midbrain_E,MB,1166.0,2.57,2.42,0.67,1.99,2.9,1.82,4.23,31,0.027,60.77,100.27,27.47,74.34,99.4,26.54
spmT_Neg_s150_p05_d0546_c08.nii,Negative,Con1,1,1.81,LC,p_Pons_F,HB,87.0,0.0,0.0,0.0,0.0,0.0,0.0,0.0,0,0.0,63.98,123.25,36.02,0.0,0.0,0.0
spmT_Neg_s150_p05_d0546_c08.nii,Negative,Con1,1,1.81,PB,p_Pons_E,HB,1048.0,2.31,2.22,0.48,1.95,2.51,1.82,3.94,46,0.044,63.14,119.25,35.81,52.73,120.75,38.38
spmT_Neg_s150_p05_d0546_c08.nii,Negative,Con1,1,1.81,DP,b_CerebralCortex_E,CTX,399.0,2.59,2.39,0.68,2.09,2.78,1.86,4.82,28,0.07,60.97,52.12,39.25,62.41,52.6,39.28
spmT_Neg_s150_p05_d0546_c08.nii,Negative,Con1,1,1.81,ILA,b_CerebralCortex_D,CTX,1263.0,2.21,2.08,0.27,2.04,2.32,1.85,2.87,16,0.013,61.36,51.85,45.65,63.32,51.11,47.03
spmT_Neg_s150_p05_d0546_c08.nii,Negative,Con1,1,1.81,PL,b_CerebralCortex_C,CTX,1740.0,2.5,2.32,0.6,2.03,2.73,1.83,4.29,85,0.049,61.48,50.06,53.96,60.14,50.36,54.04
spmT_Neg_s150_p05_d0546_c08.nii,Negative,Con1,1,1.81,ORB,b_CerebralCortex_B,CTX,2118.0,2.43,2.23,0.71,1.98,2.65,1.82,6.05,78,0.037,61.02,48.14,46.04,65.87,47.27,44.84
spmT_Neg_s150_p05_d0546_c08.nii,Negative,Con1,1,1.81,MO,b_CerebralCortex_G,CTX,16882.0,2.47,2.28,0.68,2.01,2.71,1.81,8.11,558,0.033,62.84,59.91,59.26,60.89,61.62,59.37
spmT_Neg_s150_p05_d0546_c08.nii,Negative,Con1,1,1.81,ACA,b_CerebralCortex_F,CTX,5145.0,2.44,2.24,0.61,2.01,2.68,1.81,4.8,147,0.029,61.9,64.53,58.59,60.62,65.3,57.73
spmT_Neg_s150_p05_d0546_c08.nii,Negative,Con1,1,1.81,SS,b_CerebralCortex_H,CTX,31033.0,2.45,2.29,0.6,2.0,2.71,1.81,5.91,1037,0.033,61.37,73.5,53.66,64.0,72.22,53.48
spmT_Neg_s150_p05_d0546_c08.nii,Negative,Con1,1,1.81,RSP,b_CerebralCortex_J,CTX,5887.0,2.42,2.24,0.64,1.99,2.57,1.82,5.92,186,0.032,62.78,96.86,65.72,66.03,97.03,65.97
spmT_Neg_s150_p05_d0546_c08.nii,Negative,Con1,1,1.81,PTL,b_CerebralCortex_K,CTX,2897.0,2.61,2.39,0.81,2.07,2.91,1.83,6.77,131,0.045,65.37,93.66,65.82,60.56,94.22,65.68
spmT_Neg_s150_p05_d0546_c08.nii,Negative,Con1,1,1.81,PVH,i_Hypothalamus_D,HYP,213.0,2.32,1.94,0.82,1.86,2.15,1.85,4.15,6,0.028,61.4,75.81,23.64,63.64,78.22,23.7
spmT_Neg_s150_p05_d0546_c08.nii,Negative,Con1,1,1.81,LHA,i_Hypothalamus_H,HYP,2596.0,2.56,2.3,0.81,2.06,2.79,1.83,6.57,89,0.034,61.71,82.74,20.45,61.1,83.14,19.97
spmT_Neg_s150_p05_d0546_c08.nii,Negative,Con1,1,1.81,AHN,i_Hypothalamus_F,HYP,490.0,2.37,2.2,0.46,2.05,2.53,1.88,3.63,25,0.051,60.9,77.14,18.48,55.59,78.72,19.61
spmT_Neg_s150_p05_d0546_c08.nii,Negative,Con1,1,1.81,VMH,i_Hypothalamus_K,HYP,410.0,2.14,2.12,0.08,2.07,2.19,2.07,2.26,4,0.01,61.0,82.08,15.24,53.76,84.75,14.74
spmT_Neg_s150_p05_d0546_c08.nii,Negative,Con1,1,1.81,DMH,i_Hypothalamus_L,HYP,430.0,2.12,2.12,0.3,1.97,2.27,1.82,2.42,2,0.005,61.43,84.1,18.82,63.86,84.85,18.01
spmT_Neg_s150_p05_d0546_c08.nii,Negative,Con1,1,1.81,PH,i_Hypothalamus_N,HYP,660.0,2.2,2.08,0.46,1.96,2.26,1.81,3.86,16,0.024,61.77,90.07,23.64,60.11,90.03,23.1
spmT_Neg_s150_p05_d0546_c08.nii,Negative,Con1,1,1.81,STN,i_Hypothalamus_O,HYP,283.0,2.62,2.49,0.77,2.09,2.77,1.82,4.31,7,0.025,62.75,90.56,24.92,62.07,89.84,22.93
spmT_Neg_s150_p05_d0546_c08.nii,Negative,Con1,1,1.81,AVPV,i_Hypothalamus_C,HYP,80.0,0.0,0.0,0.0,0.0,0.0,0.0,0.0,0,0.0,60.74,68.08,15.9,0.0,0.0,0.0
spmT_Neg_s150_p05_d0546_c08.nii,Negative,Con1,1,1.81,PVp,i_Hypothalamus_M,HYP,319.0,2.03,2.03,0.12,1.93,2.06,1.89,2.23,5,0.016,61.52,89.35,12.33,58.59,87.0,11.37
spmT_Neg_s150_p05_d0546_c08.nii,Negative,Con1,1,1.81,SBPV,i_Hypothalamus_G,HYP,147.0,0.0,0.0,0.0,0.0,0.0,0.0,0.0,0,0.0,61.33,76.43,17.78,0.0,0.0,0.0
spmT_Neg_s150_p05_d0546_c08.nii,Negative,Con1,1,1.81,SCH,i_Hypothalamus_E,HYP,116.0,2.26,2.3,0.22,2.18,2.38,1.84,2.59,7,0.06,61.58,73.54,13.37,61.49,72.0,13.47
spmT_Neg_s150_p05_d0546_c08.nii,Negative,Con1,1,1.81,ARH,i_Hypothalamus_J,HYP,166.0,2.64,2.24,0.78,1.97,3.24,1.84,3.98,7,0.042,61.32,83.25,11.77,58.87,85.08,11.09
